epoch,train_loss,train_acc,val_loss,val_acc,val_f1,val_auc
0,57.741211891174316,,65.64826850891113,,,
1,6.044053924711127,0.4375,1.2769518852233888,0.47368421052631576,0.0,0.35555555555555557
2,3.993798267610959,0.5361842105263158,0.9938708305358886,0.5263157894736842,0.5909090909090909,0.5583333333333333
