epoch,train_loss,train_acc,val_loss,val_acc,val_f1,val_auc
1,0.7630363016536361,0.5,0.6922614753246308,0.5263157894736842,0.6896551724137931,0.44166666666666665
2,0.7236213778194628,0.5,0.7030208170413971,0.47368421052631576,0.0,0.34722222222222227
