epoch,train_loss,train_acc,val_loss,val_acc,val_f1,val_auc
1,0.7683045456283971,0.4934210526315789,0.705249571800232,0.5263157894736842,0.6896551724137931,0.3722222222222223
2,0.7313242460552015,0.47039473684210525,0.7006353676319123,0.42105263157894735,0.5416666666666666,0.34722222222222227
