epoch,train_loss,train_acc,val_loss,val_acc,val_f1,val_auc
1,0.7865734461106753,0.47368421052631576,0.6844088315963746,0.5789473684210527,0.7142857142857143,0.5305555555555556
